ID,CulturedEntero,Somatic,F,qPCR_Ecoli,qPCR_Entero,Site_CH,Site_PI,Site_SB,TimeSinceLow,ABSCO_UVA_AVE,ABSCO_UVB_AVE,TDOC,Birds,Dogs,Humans,WaterTemp,Conduct,DO,pH,Turbid,Boats,Clouds,Waves,Debris,Pressure_Ave24,Sol_Rad_Ave24,Temp_Ave24,RH_Ave24,Dew_Ave24,WindA_Ave24,WindO_Ave24,Rain24,Rain48,Rain72
CH1,1.759520019,1.301029996,50,6.140293243,4.241303509,1,0,0,0.562,5.184827088,26.22011804,6.037354871,14,0,3,29,32745,6,8.1,6.13,0,1,2,3,1012.629514,276.1909722,27.86177083,85.32048611,25.09184028,-0.88152435,0.163024543,0.005,0.01,0.01
CH2,,,,6.957181246,4.781963103,1,0,0,0.528,5.592633997,27.75762391,4.709237759,13,0,0,28.3,32492,5.2,8.1,11.42,0,1,0.5,3,1010.5125,312.8368056,27.88958333,81.134375,24.17111111,-0.130050519,-0.22643206,0.75,0.755,0.76
CH3,2.130881159,2.103803721,0.602059991,7.490181246,6.151455724,1,0,0,0.476,5.476265176,26.0389605,5.103483089,27,1,4,28,30026,5.5,7.83,16.75,0,4,1.5,4,1015.8375,199.2291667,28.10628472,83.11701389,24.91177083,-0.67342903,-0.521661613,0.01,0.09,0.84
CH4,1.073064018,1.041392685,50,6.615716316,4.724720972,1,0,0,0.422,4.986708026,20.85556625,3.503281171,25,0,5,20.4,34084,7.9,8.74,13.57,0,2,1.25,2,1014.848264,344.5972222,28.90666667,76.13819444,24.133125,-0.04386759,-1.032855225,0.31,0.31,0.59
CH5,2.492535764,2.247973266,0.602059991,7.790181246,4.932237051,1,0,0,0.929,6.184442537,26.58017835,4.088844018,25,0,2,28.8,29167,7.5,7.87,18.05,6,3,1.75,2,1015.162847,306.7361111,29.18340278,79.09166667,25.0734375,-0.911226087,-0.350631836,0.16,0.47,0.47
CH6,1.933763206,0.477121255,,6.929181246,4.616504972,1,0,0,0.6,3.633047071,14.07166547,4.159515396,46,0,4,28.4,28445,6.3,7.91,25.16,1,1,3,2,1014.212153,,30.33069444,77.771875,25.95513889,-1.374033234,-0.718187413,0.08,0.08,0.24
CH7,2.432110134,1.579783597,50,7.121181246,4.873658145,1,0,0,0.615,3.502680744,14.39969432,4.522968198,56,0,3,28.5,31194,7.1,8.05,17.18,0,4,0.5,2,1017.923611,,29.275625,78.96319444,25.20930556,0.101941278,-0.681449007,0.005,0.105,0.105
CH8,,,,4.841633062,4.091194884,1,0,0,0.57,3.48512412,13.4320968,5.0681474,22,0,0,28.3,28334,6.9,7.64,17.55,6,2,1,3,1017.80625,,27.6321875,85.01944444,24.87184028,0.201426179,-0.469305542,0.005,0.01,0.11
CH9,2.607701123,2.549003262,50,7.020427077,4.704266983,1,0,0,0.851,3.347572451,12.93839204,4.684502776,26,0,1,29.1,31208,5.7,8.02,13.78,0,2,1.5,2,1016.960417,,29.84493056,73.50798611,24.50159722,-0.246435167,-1.120605562,0.4,0.405,0.41
CH10,1.476154005,1.477121255,50,3.290503289,3.406506973,1,0,0,0.472,5.49658455,24.71983776,4.734477537,40,0,1,28.7,31167,5.9,8,20.94,4,3,3.25,3,1020.254167,,28.70569444,78.33819444,24.39829861,0.148284442,-0.512600628,0.05,0.055,0.365
CH11,1.439260898,1.278753601,50,3.24831443,102,1,0,0,0.472,5.982036448,28.76248728,5.461887935,27,0,2,27.8,31282,6.1,7.79,21.04,0,4,2,2,1019.339931,,27.53854167,84.64166667,24.62069444,-0.426221624,-0.408956525,0.08,0.13,0.135
CH12,2.618810821,2.31386722,0.477121255,4.182365296,3.925409943,1,0,0,0.851,5.247655384,23.71120162,4.874810702,57,0,0,28.8,33426,5.6,8.05,11,0,5,0.5,2,1015.501389,245.0208333,26.91458333,85.44201389,24.17413194,-0.217117369,-0.042618579,0.12,0.125,0.205
CH13,2.298304045,1.602059991,50,3.793525928,3.349645353,1,0,0,0.65,7.546503432,32.25305318,5.552751136,40,0,0,28.5,31297,6.3,8.11,6.67,0,3,2,3,1019.567014,297.4513889,28.23899306,82.40138889,24.82892361,0.230598327,-0.54704527,2.61,2.61,2.67
CH14,2.038156344,1.681241237,50,4.103858657,3.559383316,1,0,0,0.58,4.931872068,21.42904671,5.45683998,23,0,0,28.7,29942,6.4,8.2,5.92,0,2,2.5,2,1018.528472,112.6527778,25.85993056,89.46770833,23.975,0.264970367,0.30263454,0.01,2.62,2.62
CH15,3.175414734,2.336459734,0.301029996,4.048008321,3.923901326,1,0,0,0.5,4.155639233,17.19087664,5.275113579,5,0,0,27,28175,6.5,7.88,21.93,0,4,1.75,3,1018.217361,212.5104167,27.0659375,83.65763889,24.04180556,0.393072282,-0.890811488,0.01,0.07,0.08
CH16,1.479520696,1.568201724,50,200,102,1,0,0,0.483,3.196106044,13.35539749,5.311207505,41,0,0,27.6,27657,7.6,8.19,7.56,0,2,1.5,3,1014.207639,283.5381944,28.41885417,78.06770833,24.0365625,-0.641336256,0.341774258,0,0,0.18
CH17,,,,101,102,1,0,0,0.515,3.209947795,12.74426362,5.680383741,70,0,0,28.8,29208,6.5,7.6,8.26,0,1,1.75,2,1012.582292,276.9479167,29.43375,77.31875,24.87142361,-0.617771942,0.461456168,0.72,0.72,0.72
CH18,,,,4.280193967,3.760614446,1,0,0,0.652,2.972743192,11.19340511,5.114123041,43,0,0,28,32920.7,5.7,7.96,15.84,0,3,3.25,3,1017.469444,140.28125,26.13947917,90.61458333,24.38583333,-0.138028784,0.128259909,0.59,0.64,0.69
CH19,,,,4.373266719,4.519075034,1,0,0,0.599,6.931073934,32.75614316,7.898718854,2,0,0,28.3,27309,4.8,7.84,11.49,0,4,3,3,1014.886806,210.3645833,26.73503472,89.18090278,24.70277778,0.201842292,-0.348329082,1.28,1.87,1.92
CH20,2.711648338,2.330413773,2.130333768,3.756076899,3.757016471,1,0,0,0.533,5.02538807,17.69210909,6.242424242,16,0,0,26.6,22377,7,7.55,20.12,0,3,4.25,4,1013.685764,74.13888889,26.606875,91.103125,25.03538194,0.256093252,-1.030787994,1.46,3.48,4.76
CH21,1.404442934,1.982271233,0.698970004,3.704067024,102,1,0,0,0.064,6.753369936,23.19350932,7.679482645,61,0,3,28.6,16796,6.7,7.77,12.48,0,1,0.5,4,1013.451736,281.9270833,28.06270833,84.70486111,25.17097222,0.177239322,-0.768779758,0,0,0
CH22,1.161109647,2.152288344,1.176091259,3.368633993,102,1,0,0,0.024,9.858617265,38.16965055,8.408287014,102,0,2,28.9,18026,6.3,8.13,11.72,0,2,1,5,1014.556597,275.8402778,28.12892361,83.57951389,24.91510417,-0.080202485,-0.412012546,0.41,0.41,0.41
CH23,1.752031441,1.698970004,50,3.592176517,3.790990867,1,0,0,0.934,8.775112477,33.89614499,8.181588903,249,0,3,29.1,23146,5.2,8.02,17.39,0,2,0.75,4,1014.270833,274.9166667,28.12871528,80.25833333,24.1784375,-0.099253437,0.692856436,0,0,0.41
CH24,2.187474935,1.897627091,50,4.355118652,3.706013835,1,0,0,0.609,5.364826562,21.01456621,7.575757576,147,0,6,28.5,23093,4.6,8.18,13.21,2,2,1,3,1015.080208,242.8854167,26.62274306,86.44097222,24.05541667,-0.61780459,-0.121530686,0,0.06,0.06
CH25,,,,4.473663904,4.249465695,1,0,0,0.543,5.332356808,22.75624803,7.343434343,35,0,1,25.4,27714,5.3,7.84,8.63,0,1,0.75,2,1013.432292,173.0104167,25.54413194,82.81875,22.28184028,-0.052396286,0.900654879,0.005,0.195,0.195
CH26,1.267013053,1.959041392,0.301029996,4.125232666,3.570521887,1,0,0,0.08,4.560068082,16.9231941,7.929292929,135,0,1,28.2,24997,7.1,8.29,9.43,0,1,1.5,3,1015.192361,265.8541667,27.37270833,79.36111111,23.28208333,-0.495632558,-0.029991542,0,0.005,0.005
CH27,,,,3.701354747,3.769464582,1,0,0,0.026,5.656282418,20.24755327,7.607052897,190,0,2,26.6,24703,6.9,8.22,18.18,0,2,2.75,3,1013.053472,203.0729167,26.06118056,81.54236111,22.49291667,-0.127604405,0.87171001,0,0,0.005
CH28,2.586259141,2.519827994,0.301029996,4.235402978,3.946557444,1,0,0,0.943,2.819047586,15.92856365,5.954545455,226,0,5,24.2,24091,7.2,7.99,19.35,0,1,2,2,1016.015625,295.1701389,23.20628472,69.21111111,16.494375,0.258675589,0.276765529,0,0,0
CH29,2.249644169,1.903089987,50,3.966796205,3.745981486,1,0,0,0.732,6.688164471,33.01265882,6.813131313,87,0,0,28.1,12900,7,7.94,9.95,0,1,0.75,2,1016.230556,255.5729167,26.7871875,84.11979167,23.7215625,0.390500601,-0.407948757,0,0,0
CH30,2.100028333,1.748188027,0.301029996,3.919552116,3.794333014,1,0,0,0.684,3.970721903,16.73344166,6.095959596,13,0,3,26.6,22609,6.4,7.98,11.72,0,1,0.5,2,1015.728125,247.7881944,26.27829861,73.31215278,20.47309028,0.235743301,0.75204385,0,0,0
CH31,2.943752668,3.006037955,0.301029996,5.091975778,4.1684664,1,0,0,0.6,8.634056754,38.14002942,6.727272727,294,0,0,28,22476,4.1,7.88,10.64,0,1,0.25,2,1013.181944,220.9444444,28.31305556,79.40486111,24.19065972,-0.239480334,0.134021756,0,0,0
CH32,1.331378916,1.531478917,50,3.968888408,3.871722845,1,0,0,0.115,3.873323419,14.33922533,5.5,207,0,4,28.5,25744,6.2,8.12,14.36,2,2,1.75,2,1012.698611,221.1527778,27.47336806,78.31493056,23.17604167,-0.392897582,-0.009789703,0,0,0
CH33,1.489318474,2.514547753,50,3.585965326,3.438002698,1,0,0,0.074,3.578506494,13.08244552,4.826262626,63,0,5,25,29395,5.1,7.61,18.54,0,1,1.25,2,1013.100347,184.5243056,26.50621528,69.40659722,20.27423611,0.004165223,0.394145586,0,0,0
CH34,1.229696244,1.819543936,50,101,102,1,0,0,0.01,3.670677008,15.35166852,5.494949495,226,0,0,17.3,30076,7.9,7.92,6.6,0,1,1,1,1018.846528,274.0138889,20.91739583,41.57118056,6.708402778,0.789523439,1.337509275,0,0.005,0.005
CH35,2.575149443,1.447158031,50,3.974934379,4.079039655,1,0,0,0.8,3.413233334,13.66481539,4.697474747,22,0,0,21.6,29639,8.5,8.07,8.01,0,1,1.25,2,1016.419792,261.9722222,21.87868056,52.94826389,10.95569444,0.005158199,1.292128627,0,0,0
CH36,2.677582992,1.568201724,50,4.669481103,3.862534584,1,0,0,0.722,3.748464099,16.18156166,4.835858586,124,0,0,22.1,30836,7,8.11,13.5,0,2,1.25,2,1016.868403,257.1701389,20.85732639,72.19166667,15.38604167,-0.089421663,0.268805433,0,0,0
CH37,2.133245204,1.612783857,50,4.024864886,3.486394885,1,0,0,0.615,6.208463735,28.95324912,6.439393939,8,2,2,21.9,32202,8.3,8.12,8.76,0,1,1.5,2,1017.629861,235.4791667,21.74607639,72.97673611,16.03038194,-0.142292442,0.249104091,0,0,0
CH38,0.92254902,0.903089987,50,3.267460709,102,1,0,0,0.054,2.841803418,11.20431728,4.113636364,381,0,0,19.1,35766,7.2,8.05,10.61,0,1,1.5,2,1022.438542,229.1701389,19.41430556,51.78506944,8.574791667,0.331120838,0.462328568,0,0,0
CH39,0.539590623,0.698970004,0.301029996,101,102,1,0,0,0.056,2.695708264,10.56523773,3.937373737,70,4,5,19.4,37000,8.3,8.14,12.65,0,2,1.5,2,1021.344097,241.6180556,20.61729167,52.53645833,9.866215278,0.622328838,0.620030109,0,0,0
CH40,3.136245816,2.267171728,0.301029996,4.31704361,4.281143812,1,0,0,0.001,5.608993005,24.19337571,5.848484848,235,0,1,24.8,28444,6.3,8.05,10.17,0,2,0.5,3,1014.319097,128.53125,24.15739583,93.58645833,23.05777778,0.054600518,-0.792078241,0.005,1.895,1.895
CH41,2.241086502,2.982723388,0.301029996,4.203022971,3.865160185,1,0,0,0.785,2.819484808,10.78170023,4.542424242,137,0,0,24.7,35212,5.4,8.18,19.23,1,5,1,4,1015.368403,225.0347222,22.32597222,91.39166667,20.77461806,0.206078441,-0.230420808,0,0,0
CH42,1.096562299,1.414973348,50,101,102,1,0,0,0.731,2.547623744,10.32693785,4.164141414,370,0,0,17.1,35723,7.1,8.21,5.02,0,1,1.5,4,1012.832639,152.96875,21.27277778,75.71875,16.50725694,-0.011303937,1.760276267,0,0,0
CH43,0.650514998,3.22297645,50,101,102,1,0,0,0.713,2.844192316,12.64090196,4.139393939,102,0,8,14.3,42656,8.6,8.21,3.81,0,1,0.75,2,1022.442014,238.46875,10.74913194,58.33402778,2.175104167,-0.073192419,0.710694979,0,0,0
CH44,1.717762926,2.292256071,50,3.804333432,3.517117563,1,0,0,0.078,2.844165686,10.46339533,4.225252525,145,2,4,21.1,37623,6.6,7.79,28.57,0,2,3,2,1018.323958,219.8229167,19.71572917,84.80034722,16.91645833,0.958589154,-0.557269542,0.01,0.01,0.01
CH45,2.478326689,2.152288344,50,3.63868891,3.932555357,1,0,0,0.05,2.451268183,10.05999157,4.120707071,1523,0,1,23,31014,4.7,7.57,46.21,0,4,4,3,1015.183333,194.875,22.67510417,89.58854167,20.84659722,0.893156435,-1.010535745,0.12,0.13,0.13
CH46,1.386893222,1.146128036,50,101,102,1,0,0,0.857,3.252754075,16.24576113,5.444444444,991,0,0,20.9,36611,7.1,7.99,11,0,1,0.75,3,1014.395486,208.5902778,17.78368056,84.34618056,14.92909722,-0.58617684,0.000308199,0,0,0.88
CH47,2.002182186,2.173186268,50,3.683158081,3.064242995,1,0,0,0.781,4.260495665,21.39406027,5.696969697,59,0,0,20.3,37326,7.9,8.23,4.81,0,2,1,2,1016.865972,162.7881944,17.64263889,87.55694444,15.3415625,-0.363561961,0.172543662,0,0,0
CH48,2.407493167,0.903089987,50,4.725865562,3.438330927,1,0,0,0.69,5.038563496,26.74192485,4.709090909,92,0,6,20,40508,6.6,7.95,6.7,0,1,2.25,2,1022.047569,191.125,19.29788194,83.33333333,16.16267361,0.022617898,0.047182987,0,0,0
CH49,0.997817597,1.477121255,50,101,102,1,0,0,0.611,2.582439503,10.48696179,4.232323232,185,0,0,23.5,35417,7.8,7.92,12.5,0,1,1,2,1017.011111,189.9305556,22.13378472,94.11111111,21.09798611,0.318919873,-0.187472997,0,0,0.79
CH50,1.67376258,1.380211242,0.903089987,3.468282625,102,1,0,0,0.083,2.535665319,11.08735248,4.31010101,205,0,0,23.3,34450,8.6,7.94,11.9,0,1,1,3,1020.963542,186.5729167,22.8596875,92.83993056,21.59052083,0.296789527,-0.264750256,0,0,0
CH51,1.643003561,1.62324929,50,3.965588773,102,1,0,0,0.912,2.530182687,10.7652622,4.191919192,93,0,0,12.1,37247,11.1,8.21,21.8,0,1,1,2,1021.663542,198.8576389,7.282013889,66.49409722,0.984756944,0.411831377,1.533249174,1.29,1.29,1.295
CH52,2.446217055,1.278753601,50,3.75793335,3.643536516,1,0,0,0.887,2.93566185,14.47671307,4.010152284,100,0,1,15.3,35382,7.7,8.11,58.3,0,5,2,3,1018.294097,131.9965278,11.91322917,79.76805556,8.388333333,1.614280681,-0.274177601,0.36,1.65,1.65
CH53,0.58804563,1.301029996,50,101,102,1,0,0,0.832,2.083390704,9.281619161,3.232323232,147,0,4,12.2,36141,11.8,7.8,4.84,0,3,0.5,2,1026.850347,121.1701389,8.436388889,74.37777778,4.042361111,0.185594101,1.858007497,0,0.005,0.365
CH54,0.738560627,1.041392685,50,101,102,1,0,0,0.186,2.751784423,12.63236054,3.85786802,145,0,1,10.1,47964,10.3,8.33,6.47,0,1,0.75,2,1027.809375,117.9756944,6.868645833,68.06631944,1.078888889,0.41982455,0.858338891,0,0.04,0.19
CH55,1.96702186,1.591064607,50,3.290961841,102,1,0,0,0.133,3.944123687,18.7281823,3.959390863,224,0,0,10.8,42395,11.5,8.07,4.08,0,5,2.25,2,1026.732292,165.7013889,10.61739583,51.33923611,0.475729167,0.445458522,0.850752965,0.005,0.005,0.045
CH56,1.617258642,1.380211242,50,3.590134273,102,1,0,0,0.968,3.185259766,15.59130014,4.365482234,336,0,0,16.9,44940,10,8.2,6.03,0,5,0.75,2,1013.407639,169.7083333,16.03190972,85.32569444,13.53711806,-0.904716314,-0.467464603,0,0,1.1
CH57,,,,3.71895032,3.349142691,1,0,0,0.91,3.114199528,13.28728836,4.314720812,337,0,0,18.8,31016,8.7,8.14,18.4,0,5,1.25,3,1015.668056,151.65625,16.14895833,95.02465278,15.32496528,-0.053483269,0.006510441,0.01,0.01,0.01
CH58,2.390881277,1.230448921,50,3.974086024,,1,0,0,0.805,3.456434882,16.24646599,4.61928934,155,0,1,12.8,36069,9.2,7.87,46,0,2,2,3,1021.359722,148.1631944,16.37010417,68.71111111,10.04416667,0.134712722,1.336940312,0,0.52,0.53
CH59,,,,4.036367269,3.304966042,1,0,0,0.172,6.288161049,24.58795817,6.852791878,286,0,1,19.3,22980,9.1,8,10.45,0,5,1,2,1021.348264,110.5555556,17.9409375,96.66527778,17.39340278,-0.120211495,0.341036544,0.005,0.005,0.165
CH60,1.732021103,1.903089987,50,3.467575295,102,1,0,0,0.141,3.911982532,14.2642881,4.873096447,120,0,1,20.6,25155,9.4,8.06,13.29,0,2,0.7,2,1017.548611,59.68055556,17.97295139,99.83923611,17.97072917,-0.140904962,-0.764644943,0,0.005,0.005
CH61,,,,3.51047541,102,1,0,0,0.069,4.963369286,21.3928629,5.837563452,86,0,2,21.2,28154,5.9,7.14,7.38,0,5,0.25,3,1024.39375,149.5729167,19.79805556,96.8625,19.28222222,0.094444838,-0.462767715,0,0,0
CH62,1.392308646,1.322219295,50,3.521967775,102,1,0,0,0.013,7.751148694,35.23738037,4.292929293,154,0,0,19.5,31442,7.3,6.56,7.97,0,3,0.25,2,1017.776389,28.75,17.94076389,99.35694444,17.86020833,0.134279647,0.142853578,0,0.66,0.66
CH63,3.102412705,1.982271233,50,4.276682661,4.223177675,1,0,0,0.01,3.90809022,12.45274612,4.670050761,156,0,0,20.2,27191,7.6,8.15,45.4,0,5,1.25,4,1016.388542,109.0173611,17.78197917,93.95173611,16.72920139,0.317336028,0.64578046,0.005,0.005,0.665
PI1,2.015117648,50,50,3.384142862,102,0,1,0,0.469,1.970292195,8.38693835,10.4,1,0,4,28.6,45245,4.14,7.96,5.5,0,2,1.38,3,1016.677431,301.75,28.31114583,76.00208333,23.32052083,-0.999777355,1.620034606,1.28,1.28,1.28
PI2,,,,3.390763701,102,0,1,0,0.429,1.859043981,8.440062691,11.31333333,3,0,0,28.9,45224,3.32,7.68,4,2,2,1.48,2,1016.31875,321.3541667,28.95815972,72.80381944,23.239375,0.334548367,0.711449761,0.09,1.37,1.37
PI3,,,,101,3.154566836,0,1,0,0.383,1.660748521,8.008975126,11.27333333,3,0,1,28.9,43376,1.76,7.68,3.99,1,2,1.17,2,1020.407986,356.0694444,28.42666667,75.34375,23.12586806,0.164099448,-0.011509705,1.07,1.11,1.2
PI4,1.118044594,50,50,101,102,0,1,0,0.264,1.7059218,8.929089592,13.76,8,0,1,29.3,43900,3.2,7.75,4.64,4,2,1.2,3,1019.111806,291.5868056,29.37142361,73.95659722,23.9309375,0.277722545,-0.318282394,0.01,0.015,0.015
PI5,,,,101,102,0,1,0,0.207,2.39952164,10.31481706,12.14666667,10,0,1,29.7,44291,3.38,7.69,4.4,5,2,2.08,2,1016.644097,326.65625,29.20774306,77.77048611,24.64763889,0.453943066,0.082222275,0.03,0.08,0.09
PI6,2.672923001,0.954242509,50,101,4.798518966,0,1,0,0.534,2.844446394,12.44307516,15,2,0,1,29.6,43895,2.76,7.65,15.52,1,4,2.95,2,1015.135764,252.9722222,29.28194444,76.753125,24.68777778,1.169263467,-1.034557572,0.63,1.5,1.5
PI7,,,,101,4.159355219,0,1,0,0.479,1.236665693,5.377790213,11.49333333,0,0,0,28.8,47240,3.27,7.68,10.1,3,3,3.53,2,1014.092014,149.2951389,27.92607639,81.98055556,24.53173611,1.238412464,-0.589740974,0,0.63,1.5
PI8,1.252574989,0.602059991,50,101,102,0,1,0,0.405,2.137464683,11.45434215,14.64,5,0,1,29.7,51014,2.2,7.57,4.24,1,2,0.8,3,1018.620139,346.1597222,29.02635417,76.86770833,24.14666667,0.426327529,-0.084455902,2.08,2.08,2.08
PI9,1000,1.301029996,0.302,3.566013353,5.450995411,0,1,0,0.282,2.493083188,11.28591037,14.12666667,5,0,1,28.5,46369,3.26,7.57,13.4,1,2,2.08,2,1016.722222,259.6076389,27.70145833,83.61597222,24.5415625,0.95740238,0.934142062,0,0.78,3.64
PI10,2.024822176,1,50,3.538474127,3.776848102,0,1,0,0.272,2.399192185,10.26585602,12.50666667,5,0,0,29.7,42517,3.4,7.89,4.5,5,3,1.4,2,1018.598264,335.1041667,29.39197917,78.61701389,25.17059028,1.871590794,-0.523132594,0.02,0.02,0.8
PI11,2.370461481,50,,101,4.108336089,0,1,0,0.228,2.600090571,11.17009859,12.29333333,5,0,1,30.2,42745,4.13,7.65,5.95,2,2,1.85,2,1017.499653,331.1597222,30.02572917,72.59513889,24.28586806,0.502159658,-0.103993601,0,0,0.02
PI12,,,,101,3.973466498,0,1,0,0.104,2.558472967,11.37816954,13.25333333,3,0,0,29.2,41865,1.53,7.56,6.98,0,2,1.23,2,1019.394792,307.1493056,29.98017361,70.96493056,23.71763889,-0.137875226,1.452728138,0.02,0.02,1.71
PI13,1000,1.255272505,50,3.465417521,4.049472376,0,1,0,0.066,2.385423519,10.35770212,12.08,1,0,1,29,41738,1.81,7.5,4.4,0,2,1.13,2,1019.191667,278.96875,28.78451389,74.85625,23.59142361,0.000191077,0.981354041,1.12,1.14,1.14
PI14,2.31271282,0.477121255,50,101,4.614841025,0,1,0,0.01,2.346054833,10.81442389,15.12,1,0,0,29.1,41556,1.81,7.39,6.85,4,1,0.95,2,1019.443403,295.9756944,28.64340278,79.540625,24.53704861,1.126070718,0.782296978,0,0,1.12
PI15,2.307506576,0.477121255,50,101,4.591525418,0,1,0,0.361,,,13.70666667,4,0,2,29.7,41726,2.58,7.56,7.5,1,2,0.98,2,1021.728472,328.4618056,30.78253472,66.98541667,23.4015625,0.354620845,1.233927605,0,0,0
PI16,2.597660565,50,50,101,4.277746909,0,1,0,0.349,2.253271564,10.62228205,13.95333333,5,2,7,30.3,41934,2.9,7.57,7.53,8,3,0.68,2,1020.621181,322.0486111,30.83083333,68.54618056,24.03736111,0.375524231,-0.51535218,0.005,0.005,0.005
PI17,2.484523816,0.477121255,50,101,4.180264996,0,1,0,0.298,2.293825546,10.16386171,12.80666667,2,0,3,29.7,42111,2.91,7.67,4.61,1,1,1.35,2,1017.511806,300.3819444,28.41836806,76.53576389,23.64392361,0.243401395,-0.090489978,1.24,2.22,2.225
PI18,1000,50,50,101,4.429095455,0,1,0,0.167,3.872689829,15.771745,8.393333333,1,0,0,29.4,41366,1.48,7.89,11.5,1,3,0.9,3,1020.057639,327.7118056,28.89277778,74.45104167,23.43645833,-0.528974124,1.82163218,0.06,0.3,0.34
PI19,1000,0.77815125,0.302,3.978343834,5.218095869,0,1,0,0.13,2.986094106,11.63099315,7.006666667,3,0,2,28.5,40993,0.61,7.46,12.47,1,2,1.32,3,1019.290625,213.3055556,26.96579861,84.09513889,23.80118056,-0.310187912,0.911451111,1.28,1.34,1.58
PI20,1000,1,50,101,4.794040197,0,1,0,0.014,2.457007336,10.00806809,5.162,2,0,0,28.6,41143,1.72,7.57,11.37,3,5,0.99,3,1020.393403,265.3576389,29.98534722,73.63958333,24.39048611,0.452469342,0.846830843,0,0,1.28
PI21,2.043553372,0.954242509,50,101,4.074744985,0,1,0,0.359,2.315826464,10.85337151,6.601010101,8,0,4,28.8,41723,0.29,7.88,6.54,0,4,0.46,2,1015.064583,129.84375,26.71625,83.76111111,23.72045139,0.095664817,-0.283705731,0.005,0.01,0.01
PI22,1000,0.698970004,50,,4.605365347,0,1,0,1.337,2.363397442,10.14017567,5.136363636,4,0,1,28.9,41814,3.32,7.75,9.35,1,2,1.58,2,1013.664583,183.6909722,26.9390625,85.02291667,24.15833333,0.83272245,0.231240188,0,0.005,0.01
PI23,1000,0.477121255,50,3.454536325,4.025408617,0,1,0,0.306,2.370751519,11.27316364,6.641414141,11,0,0,29.6,44161,3.16,7.83,2.83,0,3,0.72,3,1014.265972,303.9236111,29.33798611,78.73645833,25.15340278,0.508529052,-1.184557554,0,0.64,0.64
PI24,1000,2.235528447,50,4.374174898,5.352480423,0,1,0,0.158,3.27064703,12.9997245,6.252525253,4,0,2,29.8,39760,1.63,7.64,22.2,3,2,1.45,3,1018.049653,305.2673611,29.17833333,79.13368056,24.71548611,0.012011953,0.463455383,0,0.45,0.92
PI25,2.450922518,0.602059991,50,101,3.840531011,0,1,0,0.092,2.143998105,10.48683329,7.737373737,14,0,2,29.4,40001,1.1,7.66,4.89,4,2,0.94,4,1015.555208,251.84375,29.68732639,73.33611111,24.11642361,0.360087661,0.180072391,0,0,0.45
PI26,1.698186864,1.230448921,50,,3.656168553,0,1,0,0.024,2.081699425,11.037302,6.666666667,18,0,4,29.5,48000,1.26,7.62,4.14,4,2,0.62,3,1015.506944,234.8229167,27.93739583,82.05243056,24.33572917,0.03288215,0.298217841,0.31,0.92,0.92
PI27,2.699057714,0.903089987,50,101,4.233811915,0,1,0,0.404,2.174498153,9.913423651,5.97979798,3,0,0,29.5,39037,3.03,7.91,4.25,0,3,0.54,2,1014.177431,246.1388889,27.92034722,82.24756944,24.47711806,0.623133453,0.408186072,0,0.16,0.18
PI28,2.685507133,0.602059991,50,101,4.408367015,0,1,0,0.406,2.283838123,10.49837628,6.757575758,24,0,1,29.1,38901,3.72,7.72,8.45,0,4,1.3,3,1014.902083,231.5833333,28.0871875,81.03263889,24.33444444,0.53604321,0.885832188,0,0,0.16
PI29,1.468256871,50,50,101,102,0,1,0,0.351,2.375997841,11.99517049,7.797979798,30,0,1,30.2,38927,4.08,7.98,5.59,1,3,0.94,3,1014.988889,314.9895833,29.28291667,75.49166667,24.21125,1.029350082,0.187233867,2.74,2.75,2.75
PI30,1000,1.886490725,50,101,4.29825949,0,1,0,0.147,2.804470899,12.06060116,6.939393939,5,0,0,29.6,37250,1.14,7.79,8.5,1,2,1,2,1016.048264,206.3020833,29.46111111,75.82847222,24.57010417,0.017373697,0.200546399,0,0,0
PI31,1000,1.51851394,50,101,4.907119696,0,1,0,0.046,2.462812265,11.61529514,6.878787879,0,0,3,29.2,37152,2.28,7.7,15.65,0,3,1.23,2,1012.793056,204.5173611,28.35319444,77.22361111,23.87899306,-0.145691012,-0.422381055,1.64,1.74,1.74
PI32,1.698883128,0.77815125,0.302,101,3.6858389,0,1,0,0.403,2.63750015,12.25819714,7.323232323,17,0,1,28.5,28678,3.35,7.98,6.31,4,2,1.7,3,1017.788542,228.0416667,27.30565972,85.73715278,24.57819444,0.560715358,0.420783735,0.03,0.05,1.14
PI33,1.933763206,0.903089987,50,101,3.881192059,0,1,0,0.391,2.741715428,11.52303531,6.656565657,23,0,2,28.7,38630,3.8,7.77,8.67,3,2,1.56,4,1014.568403,221.2013889,26.94381944,84.62534722,24.01336806,0.129051568,-0.128673212,0.03,0.06,0.08
PI34,1.927789861,1.505149978,0.302,101,102,0,1,0,0.379,2.18064467,11.68959562,5.964646465,31,0,0,28.3,38002,3.85,7.71,5.6,1,2,1.84,4,1014.957986,113.5868056,25.66003472,89.55972222,23.78802083,-0.186021058,0.269405333,0,0.06,0.09
PI35,1.685718659,0.477121255,0.302,101,102,0,1,0,0.642,2.364583441,11.26175164,5.333333333,5,0,1,28.5,36722,6,8.2,4.77,4,2,0.88,2,1014.136806,229.4791667,26.4675,81.94375,22.97694444,-0.525900372,-0.663746791,0.02,0.02,0.08
PI36,1.386893222,1.113943352,50,101,102,0,1,0,0.145,3.050516363,14.10116441,5.944444444,16,0,1,28.1,36344,2.9,7.75,5.12,5,2,0.78,2,1013.027431,287.8402778,27.94795139,78.47256944,23.60350694,-0.200590592,0.044946054,0.07,0.09,0.09
PI37,1.361316961,1.77815125,50,101,3.770399941,0,1,0,0.066,3.485489028,14.02782191,5.98989899,12,0,0,27.1,35858,5.06,7.81,16.21,2,1,1.88,2,1012.120139,230.7361111,27.65090278,77.13854167,23.09479167,-1.15847162,0.369202023,0,0.005,0.075
PI38,1.477121255,0.903089987,50,101,3.158429289,0,1,0,0.483,3.180009792,13.03669402,5.575757576,17,0,0,28.3,38338,3.66,7.98,4.69,7,1,2.18,2,1012.569097,180.125,27.7040625,75.3625,22.76409722,-0.954596765,0.443250532,0.005,0.005,0.005
PI39,2.000238731,1.505149978,0.477121255,101,102,0,1,0,0.7,2.921275692,12.8258206,6.141414141,17,0,0,24.1,37644,5.8,8.04,7.07,1,1,0.97,2,1013.749306,290.6423611,23.57819444,72.30694444,17.60246528,-0.328041245,-1.037633888,0,0,0
PI40,1.595725507,1.176091259,0.302,101,102,0,1,0,0.201,4.065217374,15.88825969,5.828282828,5,0,0,22.7,34235,6,8.1,6.57,1,2,1.74,2,1015.082292,267.3819444,22.88388889,74.178125,17.79666667,-1.087922955,-0.373330344,0,0,0
PI41,2.028852066,1.72427587,50,3.31906741,102,0,1,0,0.089,3.86199262,15.25755272,5.45959596,6,0,0,23.3,34200,4.33,8.01,6.19,0,4,1.01,2,1016.906597,278.0034722,22.71371528,69.04513889,16.50756944,-0.793733447,-0.317588972,0,0,0
PI42,1.020696343,0.698970004,0.602059991,200,3.732403139,0,1,0,0.463,4.033345739,15.62141425,5.671717172,4,0,0,24.9,44392,4.95,8.17,3.48,0,4,1.4,2,1018.767014,245.46875,26.07590278,71.39965278,20.27052083,-1.542645358,0.947758704,0.005,0.005,0.005
PI43,0.801029996,50,0.302,101,102,0,1,0,0.456,3.986478763,17.32539483,6,5,0,1,25.5,34370,5.03,8.07,3.54,2,4,0.97,2,1018.693403,195.0451389,27.12628472,71.24548611,21.28586806,-1.266830282,0.55652522,0.005,0.01,0.01
PI44,2.178022494,2.444044796,50,3.263378117,3.051600073,0,1,0,0.429,4.72790501,18.08559315,6.232323232,13,0,0,26,34099,5.12,7.8,3.63,0,3,0.85,2,1016.616667,93.43055556,26.07614583,87.65347222,23.79954861,0.143568861,0.289384309,0.3,0.32,0.325
PI45,1.743851932,1.255272505,50,101,3.144054795,0,1,0,0.736,6.283575217,21.83426908,6.313131313,22,0,0,26,33261,1.8,7.9,7.82,1,3,1.4,2,1015.929514,251.0729167,26.69576389,71.10381944,20.60625,-0.274349447,1.258863115,0.005,0.005,0.005
PI46,1.397592295,1.51851394,50,101,102,0,1,0,0.215,5.178443893,18.88676474,6.525252525,3,0,0,26.8,33683,4.82,8.04,5.59,1,4,1.46,2,1011.544792,237.84375,26.18295139,81.56770833,22.72708333,1.140105802,-0.476438661,0.01,0.015,0.015
PI47,1.265739459,1.255272505,50,101,102,0,1,0,0.109,4.221245729,16.01865245,5.858585859,23,0,0,18.4,31691,7.42,7.81,22.8,1,1,1.94,2,1018.634028,184.1111111,14.23857639,46.24513889,2.566909722,-1.757356088,-0.282624717,0,0,0.01
PI48,0.899670275,50,50,101,102,0,1,0,0.501,4.230310035,15.90954801,6.095959596,6,0,0,21.8,33801,6.06,8.01,3.98,0,1,0.86,2,1019.000694,247.6076389,23.20934028,68.26180556,16.69527778,-1.021310152,0.503687669,0,0,0
PI49,2.301035424,1.146128036,50,3.218414341,102,0,1,0,0.498,3.887714008,16.08581211,6.757575758,10,0,0,22.6,33745,6.31,8,4.15,0,3,0.78,2,1017.834028,235.0243056,24.36833333,74.87013889,19.39170139,-0.439851578,0.69078537,0,0,0
PI50,1.555631257,50,50,101,102,0,1,0,0.455,4.059605094,16.35098567,5.707070707,3,0,0,23.8,33235,6.17,8.07,4.67,0,4,1.26,2,1012.8125,208.7152778,24.47725694,82.70347222,21.27746528,1.713432687,0.148059261,0.06,0.06,0.06
PI51,1.694050601,0.77815125,50,101,102,0,1,0,0.766,3.523543805,14.59288049,5.696969697,20,0,1,24.7,33700,4.56,8.02,4.1,1,1,0.98,2,1015.665278,229.3506944,25.69805556,75.03958333,20.49350694,-0.322529461,1.369614408,0,0,0
PI52,1.241436792,1.204119983,0.302,101,102,0,1,0,0.714,2.801788735,13.04101671,6.050505051,9,0,0,24.8,33680,5.26,7.9,7.57,0,4,1.74,2,1015.734722,224.9930556,25.5490625,76.50625,20.81395833,-0.362971327,-0.316736444,0,0,0
PI53,1.627636253,1.380211242,50,3.372003891,102,0,1,0,0.134,3.592562947,15.49848653,6.075757576,19,1,2,25.6,33890,3.34,7.93,4.08,1,3,1.1,2,1020.492014,196.0590278,26.7925,82.73715278,23.45100694,-0.506175625,0.732023841,0.9,0.9,0.9
PI54,0.389075625,1.079181246,0.477121255,200,102,0,1,0,0.019,3.703586972,15.80376757,5.97979798,9,1,0,24.4,34243,2.2,7.97,7.74,0,2,0.78,2,1016.323264,216.0138889,26.16375,78.21875,21.75611111,-0.531442089,1.910929241,0,0.005,0.01
PI55,1.331378916,0.954242509,0.302,101,102,0,1,0,0.545,3.386751751,13.67929121,5.909090909,7,2,0,24,34000,3.05,7.88,9.56,1,1,1.36,1,1018.587847,201.4131944,25.07739583,72.73888889,19.49569444,-2.172096363,1.054744272,0.06,0.06,0.065
PI56,1.934057603,0.954242509,50,101,102,0,1,0,0.844,2.496283973,12.13872548,6.01010101,8,0,0,22.7,34055,2.52,8,5.23,0,4,1.6,3,1016.597569,143.6215278,20.94927083,88.42048611,18.93722222,-0.776559213,-0.58011357,0,0.01,0.02
PI57,1.406790494,2.802089258,50,101,102,0,1,0,0.344,3.018068711,12.99629457,5.404040404,12,0,0,23.4,34314,5.89,8.17,8.3,1,5,1.12,3,1018.225347,189.3715278,21.544375,77.97256944,17.42486111,-0.591269994,0.30043837,0,0,0.01
PI58,1.569939543,0.477121255,50,101,102,0,1,0,0.213,3.012657986,13.05692104,5.555555556,7,0,0,19.4,33146,8.4,7.8,25.4,0,2,2.42,3,1020.167014,124.7534722,20.90055556,85.55173611,18.36625,-1.028066408,-1.222070319,0,0.14,0.14
PI59,1.060286966,1.322219295,0.84509804,101,102,0,1,0,0.074,3.037143812,12.41048773,5.555555556,5,0,0,17.6,33572,1.57,7.87,7.52,0,4,1.02,3,1023.413889,34.85416667,13.22583333,78.72222222,9.056423611,-2.423673734,0.95929055,0.005,0.395,0.395
PI60,1.077668019,1.301029996,1.322219295,101,102,0,1,0,0.026,3.391609337,13.96858424,5.808080808,14,0,0,19.1,34191,7.19,7.95,4.14,0,5,0.76,3,1022.455903,169.6493056,20.51142361,82.55868056,17.33267361,-2.2641852,1.50007237,0,0.005,0.395
PI61,1.433438907,2.80140371,50,101,102,0,1,0,0.849,3.575550232,14.86064806,5.707070707,25,0,2,21.7,33580,6.91,8.06,5.14,0,4,0.43,3,1015.820139,141.5069444,22.730625,94.99166667,21.88763889,1.385316818,-0.368947624,0,0.27,0.27
PI62,2.568741937,2.641474111,0.477121255,101,3.570798831,0,1,0,0.365,3.047408488,12.75933497,5.050505051,30,0,0,21.4,33555,6.41,7.81,4.33,0,1,1.06,2,1018.115972,135.21875,20.14822917,82.65347222,16.71788194,-0.157738258,0.187451963,0,0,0.27
PI63,1.413684637,1.949390007,50,101,102,0,1,0,0.224,2.994427517,14.45356913,5.151515152,21,0,0,20.4,33122,7.38,8.25,39.14,2,3,1.06,3,1019.836458,169.1215278,22.10166667,86.17673611,19.59569444,0.391406535,0.009374036,0,0.04,0.04
PI64,0.77815125,0.84509804,50,101,102,0,1,0,0.056,3.430738874,14.44048688,6.262626263,9,0,0,21.3,33362,5.63,8.08,3.32,1,1,0.35,3,1021.343403,183.8784722,20.43774306,79.20277778,16.50795139,-0.231296523,-0.654097353,0,0,0
PI65,1.154815084,2.416640507,50,101,102,0,1,0,0.34,3.318950967,13.75957586,5.454545455,4,0,2,21.7,40646,6.15,7.68,3.76,0,1,0.1,3,1019.451736,177.75,20.98972222,81.26006944,17.43538194,-0.053319484,-0.321935279,0,0,0
SB1,2.68,1.591064607,50,101,102,0,0,1,0.294,1.407825821,6.940780486,4.861734694,3,3,8,31.1,33520,5.65,8.15,9.56,0,3,1.3,2,1015.603819,323.5451389,30.8346875,66.25243056,23.3434375,-1.155458805,-0.60661324,0.005,0.005,0.005
SB2,2.668160809,50,50,101,102,0,0,1,0.277,2.478843522,10.03557831,6.168367347,24,0,4,30.4,33276,5.34,8.04,6.89,0,2,6,2,1015.99375,268.0763889,30.22840278,68.34097222,23.59871528,0.577716962,-0.640147229,0,0.005,0.005
SB3,,,,200,102,0,0,1,0.213,2.365879451,9.586270914,17.56122449,10,0,1,29.3,31346,5.37,7.82,7.76,0,5,14,2,1016.242361,279.8229167,29.26854167,72.76944444,23.82986111,0.148537888,-2.40777798,1.41,1.63,1.63
SB4,1.606626026,0.477121255,50,101,102,0,0,1,0.111,2.360438255,9.183026983,6.887755102,43,0,7,30,32824,5.22,8.12,8.04,1,1,3,1,1015.380208,296.5659722,29.78857639,79.09861111,25.69982639,-1.793724865,-2.240958568,0,0,0
SB5,0.238560627,50,50,200,102,0,0,1,0.449,2.383689314,9.400624637,5.806122449,9,1,6,30.4,32467,5.51,7.91,12.5,1,2,5.25,2,1013.254861,271.0833333,29.84159722,78.28958333,25.60527778,-1.745287473,-1.955018952,0,0,0
SB6,1.413684637,1.204119983,50,101,102,0,0,1,0.356,2.269569743,9.030180624,5.00255102,37,0,12,31,31868,6.56,7.79,11.5,4,4,2,2,1010.795486,306.2465278,31.92458333,69.90763889,25.37131944,-2.125320164,0.27077892,0.28,0.28,0.28
SB7,,,,101,102,0,0,1,0.322,2.444589109,10.08679335,30.54081633,22,0,4,31,32909,6.81,7.25,13.5,0,3,1,2,1008.827083,302.0555556,31.29486111,73.659375,25.74822917,-2.182707007,-0.699235806,0,0.28,0.28
SB8,1.370181345,0.903089987,50,101,102,0,0,1,0.238,2.489570167,9.984639254,6.596938776,20,1,21,31.5,33516,7.87,7.77,13,5,3,9.5,2,1013.071528,325.5590278,30.78725694,75.44201389,25.80357639,-1.349141511,-1.269616148,2.28,2.28,2.28
SB9,0.389075625,1.748188027,50,101,102,0,0,1,0.074,2.373960613,9.419767628,11.48979592,56,0,1,30.8,34310,6.49,8.18,16.6,3,2,4,2,1012.694097,303.9305556,30.08802083,74.71354167,24.93003472,-1.738600978,-1.27667039,0,0,0.22
SB10,0.287015634,0.84509804,50,200,102,0,0,1,0.042,2.473839892,9.869129713,6.020408163,8,0,0,30.8,34285,5.85,7.69,14,0,2,10,2,1012.773958,305.1145833,30.44173611,72.64201389,24.71128472,-2.69538541,-1.441642934,0,0,0
SB11,1.2887459,50,,101,102,0,0,1,0.453,2.379308747,9.321070661,5.836734694,41,0,9,30.5,38886,5.05,7.44,13.2,2,2,2.5,3,1011.690972,320.9861111,30.94180556,73.78680556,25.49486111,-3.183239859,-1.333504638,0,0,0
SB12,1.879871684,50,50,101,102,0,0,1,0.34,2.452898967,10.08425068,5.540816327,31,1,16,30.7,33594,5.84,7.66,11.8,2,1,1.5,2,1015.010764,318.7534722,30.63145833,75.21736111,25.63826389,-1.76020795,-2.057354059,0,0.03,0.04
SB13,0.349485002,0.301029996,50,101,102,0,0,1,0.316,2.470921836,10.0355486,15.31632653,60,0,7,31,33712,6.15,7.96,9.53,0,2,3,2,1014.489583,337.0902778,30.51447917,74.17256944,25.3075,-1.34952924,-2.252011705,0.005,0.005,0.035
SB14,0.858001672,50,50,101,102,0,0,1,0.255,2.397113015,9.384875097,5.846938776,30,0,9,30.7,34583,5.9,7.93,15.5,0,2,4,2,1013.760417,332.1111111,30.59125,73.12569444,25.13694444,-1.604815912,-2.479419091,0.06,0.06,0.065
SB15,0.544068044,1.662757832,50,200,200,0,0,1,0.137,2.51117375,9.87993118,5.908163265,3,1,6,30,34228,5.4,7.96,15,0,2,4.5,2,1016.865625,335.8333333,30.20197917,73.23611111,24.74986111,-1.122827213,-3.060520361,0.26,0.26,0.26
SB16,1.159031667,0.301029996,50,101,200,0,0,1,0.135,2.410845554,9.492824396,6.183673469,9,0,18,30.2,34527,5.88,8.19,14.3,0,2,5,2,1016.090972,224.3368056,29.40652778,78.43194444,25.19430556,-1.745521083,-1.3657814,0,0.26,0.26
SB17,1.160073143,1.447158031,50,101,200,0,0,1,0.035,2.156804838,8.989162576,5.37755102,110,0,3,30,34873,5.25,7.92,14.6,0,2,4.5,2,1012.059722,291.3819444,30.60729167,74.27395833,25.31847222,-2.838840273,-1.292188332,0,0,0
SB18,0.795532304,0.301029996,50,101,102,0,0,1,0.402,2.101956895,8.316025407,5.007653061,83,0,8,30.2,35586,5.84,7.86,13.7,0,2,1.5,2,1016.629514,308.1319444,29.84791667,77.85625,25.48840278,-0.932114679,-2.405967896,0.02,0.03,0.61
SB19,1.311624645,0.903089987,50,101,102,0,0,1,0.355,2.209798173,9.162408708,5.984693878,37,0,16,31,36570,5.55,7.76,19.1,1,2,2,2,1015.441319,323.7847222,30.03177083,76.38715278,25.35868056,-0.855127047,-2.001359753,0,0.02,0.03
SB20,1.341973565,0.301029996,50,101,200,0,0,1,0.268,1.976680644,8.580637579,5.62755102,62,0,1,31.3,37424,8.25,7.46,11.2,0,2,1,3,1015.271181,302.6840278,28.76576389,78.89131944,24.45208333,0.000770703,-0.737461498,0,0.28,0.28
SB21,0.811624645,0.954242509,50,101,200,0,0,1,0.137,2.419896836,9.050133091,5.831632653,60,2,18,30.1,35998,5.62,6.7,13.8,0,2,6,3,1012.512847,272.6597222,29.11524306,78.76180556,24.94763889,-1.47506731,-1.782941159,0,0.49,0.54
SB22,0.650514998,0.602059991,50,101,102,0,0,1,0.101,2.118810978,8.961317523,5.729591837,58,2,3,30.7,36377,6.45,6.91,12.4,0,1,2,2,1011.925347,291.7118056,29.79479167,76.42395833,25.13770833,-1.091262037,-1.905521801,0,0,0.49
SB23,0.539590623,0.77815125,50,200,102,0,0,1,0.539,2.241005432,9.328481984,6.06122449,125,0,1,31,35822,6.44,7.5,11.4,0,2,1,2,1012.5,282.625,30.27017361,75.96006944,25.37288194,-1.805721189,-0.236076716,0.55,0.555,0.555
SB24,0.964709463,1.755874856,1.397940009,101,102,0,0,1,0.403,2.393260876,9.822202572,6.387755102,275,0,1,29.5,32262,4.83,6.67,12,0,2,5.5,2,1013.746181,242.4027778,29.75118056,81.09097222,26.12246528,-2.008063892,-1.343933831,0.23,0.23,0.37
SB25,1.294135853,1.204119983,0.477121255,101,102,0,0,1,0.361,2.366319544,9.402676828,7.193877551,185,1,3,29.2,31388,5.6,6.52,10.2,0,4,2.5,2,1010.486806,205.8611111,29.4840625,81.25729167,25.88145833,-2.357121401,-0.720263327,0.005,0.235,0.235
SB26,0.690105621,1.361727836,0.698970004,101,102,0,0,1,0.294,2.461134129,10.0054767,7.520408163,174,0,0,28.8,29248,4.3,5.9,8.04,0,4,2.5,2,1010.613889,118.84375,27.64135417,85.559375,25.00486111,-0.895434818,0.616458833,0.34,0.85,0.855
SB27,,,,101,102,0,0,1,0.197,2.745322326,11.06036312,7.173469388,152,0,0,29,30541,6.04,7.59,30.6,0,5,13.75,2,1009.206944,295.7847222,29.63784722,78.42083333,25.45642361,-1.385950785,-3.382175287,1.03,1.035,1.585
SB28,1.384134008,1.477121255,1.851258349,101,102,0,0,1,0.159,2.422626966,9.595739308,6.795918367,26,0,0,28.9,30327,5.45,6.87,12.3,0,4,7,2,1011.751042,116.2361111,27.045,89.07847222,25.0878125,-1.410917095,-1.9179763,0,1.03,1.035
SB29,1.257936922,0.602059991,0.302,101,102,0,0,1,0.079,2.263239641,9.132105081,6.37755102,96,0,1,29.8,30968,7.29,7.87,10.9,0,2,2,2,1013.988889,238.6805556,28.97996528,81.14375,25.33708333,0.005654777,-1.00005966,0,0,0
SB30,1.646128036,50,50,101,200,0,0,1,0.418,2.528034949,10.02000276,6.693877551,24,0,0,28.5,30285,4.77,7.23,11,0,2,2,2,1013.493403,195.1875,26.77645833,81.61493056,23.21197917,-1.472551722,0.434508279,0.09,0.095,0.1
SB31,1.300486448,1.230448921,50,101,102,0,0,1,0.322,2.639209833,10.25482608,6.326530612,310,0,8,28.7,29426,5.65,7.01,11.2,1,4,2,2,1013.033681,263.1180556,27.43666667,76.24930556,22.64614583,0.321283857,0.113466752,0,0.005,0.095
SB32,0.801029996,0.301029996,0.302,200,102,0,0,1,0.19,2.585962956,10.11552212,6.459183673,136,0,5,29.4,32504,5.11,7.21,14.8,0,1,3,2,1015.169792,283.3263889,29.55826389,64.84965278,21.86090278,1.184726638,1.286275473,0,0,0
SB33,0.738560627,0.301029996,50,200,102,0,0,1,0.144,2.359666486,9.390384782,6.448979592,206,0,0,28.9,32123,7.21,7.36,14.4,0,1,13,2,1013.109028,269.1909722,28.12739583,64.88402778,20.64864583,2.049099674,0.573769902,0,0,0
SB34,1.435201953,1.826074803,50,101,200,0,0,1,0.62,2.118927353,9.562172359,5.948979592,166,0,3,28.3,31640,6.27,7.39,12,0,3,8,2,1013.75,290.9930556,27.09479167,66.89930556,20.09055556,1.08690237,-2.071770283,0.03,0.03,0.03
SB35,1.846907427,1.939519253,50,101,102,0,0,1,0.462,1.874622234,9.098130562,6.367346939,236,0,5,29.6,32648,7.4,7.15,13.1,0,3,3.5,2,1013.35625,275.8854167,28.98836806,80.83784722,25.29069444,-0.256540176,-2.007562228,0,0,0
SB36,1.161109647,0.954242509,50,101,102,0,0,1,0.426,1.882305866,8.66974302,5.321428571,194,0,4,30.1,33035,6.18,7.31,13.1,0,2,4,2,1013.926389,269.8229167,29.0621875,80.83090278,25.36322917,-0.300893499,-1.656534399,0,0,0
SB37,2.002182186,1,50,101,102,0,0,1,0.337,2.610955687,10.32589701,5.948979592,102,0,4,30.2,32953,6.91,7.82,13.1,0,1,1,2,1013.2375,270.7152778,28.80107639,71.23611111,22.86513889,-0.427949146,-0.332855801,0,0,0
SB38,1.879871684,1.113943352,50,101,102,0,0,1,0.235,2.525439576,10.21167591,30.07142857,260,0,1,30.4,33003,7.13,7.28,11.9,0,2,1,2,1011.979167,243.1006944,28.83777778,72.53194444,23.17319444,-0.789530452,-0.450959364,0,0,0
SB39,0.92254902,0.903089987,50,101,102,0,0,1,0.203,2.478525729,9.994592289,5.612244898,213,0,0,28,31261,7.62,7.29,15.7,0,1,10,2,1013.165278,257.6076389,28.63795139,55.11180556,18.27649306,2.24007148,1.062301757,0,0,0
SB40,2.432673414,1.591064607,50,101,102,0,0,1,0.675,2.737952607,11.01085673,5.954081633,193,0,4,25.2,30285,7.47,7.08,14.2,0,1,9,2,1020.028819,265.1284722,25.378125,44.02291667,11.79493056,1.778436237,-0.925807407,0,0,0
SB41,,,50,101,102,0,0,1,0.519,2.33476551,10.04774006,5.755102041,137,0,1,24.5,30766,7.36,7.77,10,0,4,4.25,2,1017.286458,258.0243056,23.26458333,51.70034722,12.33826389,0.700699602,-0.628402724,0,0,0
SB42,1.446047301,1.041392685,50,101,200,0,0,1,0.458,2.517424188,10.04973046,6.306122449,139,0,0,24.6,30675,6.85,7.1,12.3,0,5,4,2,1016.855208,232.5763889,23.78548611,54.62465278,13.70243056,0.40452616,-0.552236069,0,0,0
SB43,1.393375711,2.766412847,50,101,102,0,0,1,0.385,2.415718114,10.26492481,6.158163265,225,0,1,25.5,30307,9.09,7.27,12.3,0,1,2,2,1016.318403,249.4791667,24.18364583,72.15625,18.57809028,-0.250592673,-0.979922277,0,0,0
SB44,1.016711878,0.301029996,50,101,200,0,0,1,0.213,2.479074442,10.05172392,6.010204082,165,0,0,25.3,31818,7.78,7.5,12.1,0,1,6.5,2,1021.065625,237.6597222,23.63756944,66.51319444,16.88881944,0.237193981,-1.213999099,0,0,0
SB45,2.398290635,0.602059991,50,101,102,0,0,1,0.178,2.413389348,9.5455474,6.183673469,175,0,2,24.9,30148,7.26,7.35,14.9,0,3,9.5,2,1019.112153,237.8645833,24.41569444,68.15208333,17.86704861,0.233736918,-3.007366531,0,0,0
SB46,2.779,1.041392685,50,101,102,0,0,1,0.7,2.593750251,10.14775132,7.045918367,150,0,2,25.3,28820,6.49,7.4,14.5,0,4,8.5,2,1011.407292,177.1354167,26.89024306,88.80069444,24.86138889,-1.061566709,-1.679892735,0.13,0.2,0.2
SB47,2.779,2.252853031,50,3.273269128,102,0,0,1,0.535,2.57259785,10.94190291,5.928571429,245,0,0,26.3,30416,7.4,6.68,14.6,0,5,6,2,1012.614583,226.7048611,26.78128472,84.55833333,23.92684028,-0.545812862,-2.867375325,0.4,0.4,0.4
SB48,1.311624645,0.477121255,50,101,102,0,0,1,0.486,2.532497174,10.3120192,5.994897959,55,0,0,22.7,28623,7.41,6.59,13,0,4,4,2,1014.877083,71.79861111,20.30579861,73.89479167,15.0546875,3.355637288,1.382696686,0,0.4,0.4
SB49,1.295532304,0.301029996,50,101,200,0,0,1,0.41,2.082493625,8.853474052,5.556122449,177,0,0,20.6,29233,6.1,6.44,9,0,1,1,2,1023.045833,238.8854167,13.3896875,46.30763889,1.814652778,0.277339804,-0.662113842,0,0,0
SB50,1.599465935,0.84509804,50,200,102,0,0,1,0.276,2.326640404,9.445904731,5.903061224,17,0,0,22.6,29802,7.73,5.84,25.9,0,5,15,2,1011.527431,187.9097222,24.74399306,78.56076389,20.66638889,-1.785125558,-2.801781679,0,0,0
SB51,1.566769454,0.301029996,0.302,101,102,0,0,1,0.247,2.111626026,8.809371913,5.785714286,64,0,0,21.4,29828,7.19,7.01,23,0,2,1,2,1008.633333,60.40277778,24.55850694,80.31944444,20.89913194,-2.414619369,-1.751474905,0.17,0.17,0.17
SB52,1.56192582,1.079181246,50,200,200,0,0,1,0.734,2.32958248,9.558391255,6.045918367,190,0,0,20.9,28003,8.56,6.94,10.7,0,1,6,2,1015.20625,229.7847222,17.78013889,57.04861111,8.746631944,0.24545101,-0.972552957,0.13,0.13,0.3
SB53,,,,101,102,0,0,1,0.577,2.22865329,9.071076722,5.658163265,140,0,1,20.1,26579,7.67,7,8.59,0,4,1.5,2,1013.633333,206.0902778,19.09239583,72.63159722,13.61805556,-0.632276356,1.439257666,0,0,0
SB54,1.785329835,2.190331698,50,101,200,0,0,1,0.523,2.102366607,9.019959265,6.163265306,195,0,0,20.7,27200,8.09,6.92,10.1,0,5,7,2,1015.226736,172.3159722,20.4196875,76.47222222,15.97038194,-0.276612836,-0.660075118,0.59,0.59,0.59
SB55,1.715923023,1.886490725,0.477121255,101,200,0,0,1,0.427,2.219082301,9.442712541,6.673469388,336,0,1,20.6,26687,7.78,6.95,7,0,5,4.5,2,1019.882986,84.76388889,20.46347222,87.55659722,18.31083333,1.451937944,-1.460182642,0,0,0.59
SB56,0.997817597,0.903089987,50,101,102,0,0,1,0.301,2.384562352,9.990619211,30.56122449,213,0,0,23.2,27722,8.14,7.39,5.76,0,5,6.5,2,1012.994097,135.4131944,23.82934028,92.94513889,22.58791667,-0.497788081,-1.892742966,0,0,0.6
SB57,1.161109647,2.041392685,50,101,200,0,0,1,0.823,,,6.719387755,87,0,0,23.9,28064,7.69,6.89,6.72,0,1,2,2,1019.159028,170.2673611,23.48305556,96.54618056,22.91947917,0.090695827,-1.857906436,0,0,0
SB58,2.485663442,2.626340367,0.602059991,101,102,0,0,1,0.646,2.401402385,10.21243995,7.040816327,195,0,0,16.3,22979,10.44,5.67,20.6,0,5,15.5,2,1021.243056,198,10.63885417,59.59027778,2.906006944,2.038819884,-1.615515561,1.66,1.66,1.665
SB59,2.116002241,1.770852012,50,101,102,0,0,1,0.597,2.164833371,9.907550101,6.275510204,14,0,0,15.6,23087,9.08,5.46,10.9,0,5,1,2,1014.101736,22.00347222,12.20756944,90.49236111,10.68100694,3.17115374,-0.552966691,0,1.66,1.66
SB60,1.715923023,1.322219295,50,101,200,0,0,1,0.524,2.108390788,8.754142077,6.071428571,64,0,0,13.4,22798,10.71,5.43,6.62,0,4,3,2,1029.022917,80.97569444,8.704930556,72.27708333,3.853125,2.404215621,0.882663553,0.005,0.005,0.005
SB61,1.585130858,1.982271233,0.477121255,101,102,0,0,1,0.367,1.924013882,8.131455324,6.632653061,96,0,0,12.1,22442,10.58,5.65,6.49,0,5,5.5,2,1027.4875,139.3194444,9.730173611,65.78645833,3.398888889,2.43068088,0.143720448,0.42,0.425,1.605
SB62,1.622756334,1.591064607,50,101,102,0,0,1,0.861,1.840619815,8.136702671,5.714285714,76,0,0,11.9,21540,12.19,7.01,6.48,0,5,2,2,1026.973611,29.00347222,8.072152778,85.671875,5.762152778,2.06216123,0.232748247,1.09,1.51,1.515
